﻿{"class_name": "Sequential", "config": {"name": "sequential_45", "layers": [{"class_name": "InputLayer", "config": {"batch_input_shape": [null, 3], "dtype": "float32", "sparse": false, "ragged": false, "name": "dense_90_input"}}, {"class_name": "Dense", "config": {"name": "dense_90", "trainable": true, "batch_input_shape": [null, 3], "dtype": "float32", "units": 9, "activation": "linear", "use_bias": true, "kernel_initializer": {"class_name": "GlorotUniform", "config": {"seed": null}}, "bias_initializer": {"class_name": "Zeros", "config": {}}, "kernel_regularizer": null, "bias_regularizer": null, "activity_regularizer": null, "kernel_constraint": null, "bias_constraint": null}}, {"class_name": "Activation", "config": {"name": "activation_90", "trainable": true, "dtype": "float32", "activation": "sigmoid"}}, {"class_name": "Dense", "config": {"name": "dense_91", "trainable": true, "dtype": "float32", "units": 1, "activation": "linear", "use_bias": true, "kernel_initializer": {"class_name": "GlorotUniform", "config": {"seed": null}}, "bias_initializer": {"class_name": "Zeros", "config": {}}, "kernel_regularizer": null, "bias_regularizer": null, "activity_regularizer": null, "kernel_constraint": null, "bias_constraint": null}}, {"class_name": "Activation", "config": {"name": "activation_91", "trainable": true, "dtype": "float32", "activation": "sigmoid"}}]}, "keras_version": "2.10.0", "backend": "tensorflow"}