﻿{"class_name": "Sequential", "config": {"name": "sequential", "layers": [{"class_name": "InputLayer", "config": {"batch_input_shape": [null, 3], "dtype": "float32", "sparse": false, "ragged": false, "name": "sequential_2_input"}}, {"class_name": "Sequential", "config": {"name": "sequential_2", "layers": [{"class_name": "InputLayer", "config": {"batch_input_shape": [null, 3], "dtype": "float32", "sparse": false, "ragged": false, "name": "dense_4_input"}}, {"class_name": "Dense", "config": {"name": "dense_4", "trainable": false, "dtype": "float32", "batch_input_shape": [null, 3], "units": 9, "activation": "linear", "use_bias": true, "kernel_initializer": {"class_name": "GlorotUniform", "config": {"seed": null}}, "bias_initializer": {"class_name": "Zeros", "config": {}}, "kernel_regularizer": null, "bias_regularizer": null, "activity_regularizer": null, "kernel_constraint": null, "bias_constraint": null}}, {"class_name": "Activation", "config": {"name": "activation_4", "trainable": false, "dtype": "float32", "activation": "sigmoid"}}, {"class_name": "Dense", "config": {"name": "dense_5", "trainable": false, "dtype": "float32", "units": 1, "activation": "linear", "use_bias": true, "kernel_initializer": {"class_name": "GlorotUniform", "config": {"seed": null}}, "bias_initializer": {"class_name": "Zeros", "config": {}}, "kernel_regularizer": null, "bias_regularizer": null, "activity_regularizer": null, "kernel_constraint": null, "bias_constraint": null}}]}}, {"class_name": "Dense", "config": {"name": "dense", "trainable": true, "dtype": "float32", "units": 9, "activation": "linear", "use_bias": true, "kernel_initializer": {"class_name": "GlorotUniform", "config": {"seed": null}}, "bias_initializer": {"class_name": "Zeros", "config": {}}, "kernel_regularizer": null, "bias_regularizer": null, "activity_regularizer": null, "kernel_constraint": null, "bias_constraint": null}}, {"class_name": "Activation", "config": {"name": "activation", "trainable": true, "dtype": "float32", "activation": "sigmoid"}}, {"class_name": "Dense", "config": {"name": "dense_1", "trainable": true, "dtype": "float32", "units": 1, "activation": "linear", "use_bias": true, "kernel_initializer": {"class_name": "GlorotUniform", "config": {"seed": null}}, "bias_initializer": {"class_name": "Zeros", "config": {}}, "kernel_regularizer": null, "bias_regularizer": null, "activity_regularizer": null, "kernel_constraint": null, "bias_constraint": null}}, {"class_name": "Activation", "config": {"name": "activation_1", "trainable": true, "dtype": "float32", "activation": "sigmoid"}}]}, "keras_version": "2.11.0", "backend": "tensorflow"}